{
  "parent": "minecraft:item/generated",
  "textures": {
    "layer0": "minecraft:item/bread"
  },
  "overrides": [
    {
      "predicate": {
        "eating": 1,
        "eat": 0.35
      },
      "model": "item/bread_eating_0"
    },
    {
      "predicate": {
        "eating": 1,
        "eat": 0.70
      },
      "model": "item/bread_eating_1"
    },

    {
      "predicate": {

        "eating": 1,
        "eat": 0.90
      },
      "model": "item/bread_eating_2"
    },


    
    {
      "predicate": {
        "custom_model_data": 555604
      },
      "model": "okipiak:item/baguette"
    },
    {
      "predicate": {
        "custom_model_data": 555604,
        "eating": 1,
        "eat": 0.35
      },
      "model": "okipiak:item/baguette_eating_0"
    },
    {
      "predicate": {
        "custom_model_data": 555604,
        "eating": 1,
        "eat": 0.70
      },
      "model": "okipiak:item/baguette_eating_1"
    },
    {
      "predicate": {
        "custom_model_data": 555604,
        "eating": 1,
        "eat": 1
      },
      "model": "okipiak:item/baguette_eating_2"
    },
    {
      "predicate": {
        "custom_model_data": 555606
      },
      "model": "okipiak:item/cheese"
    },
    {
      "predicate": {
        "custom_model_data": 555606,
        "eating": 1,
        "eat": 0.35
      },
      "model": "okipiak:item/cheese_eating_0"
    },
    {
      "predicate": {
        "custom_model_data": 555606,
        "eating": 1,
        "eat": 0.70
      },
      "model": "okipiak:item/cheese_eating_1"
    },
    {
      "predicate": {
        "custom_model_data": 555606,
        "eating": 1,
        "eat": 0.90
      },
      "model": "okipiak:item/cheese_eating_2"
    }
  ]
}