{
	"credit": "Made with Blockbench",
	"ambientocclusion": false,
	"textures": {
		"0": "okipiak:block/cheese_cauldron"
		},
	"texture_size": [64, 64], 
	"elements": [
		{
			"from": [0, 3, 0],
			"to": [2, 16, 16],
			"faces": {
				"north": {"uv": [7.5, 4, 8, 7.25], "texture": "#0", "cullface": "north"},
				"east": {"uv": [4, 4, 8, 7.25], "texture": "#0"},
				"south": {"uv": [4, 4, 4.5, 7.25], "texture": "#0", "cullface": "south"},
				"west": {"uv": [4, 4, 8, 7.25], "texture": "#0", "cullface": "west"},
				"up": {"uv": [4, 4, 3.5, 0], "texture": "#0", "cullface": "up"},
				"down": {"uv": [4, 4, 3.5, 8], "texture": "#0"}
			}
		},
		{
			"from": [2, 3, 2],
			"to": [14, 4, 14],
			"faces": {
				"north": {"uv": [0, 0, 0, 0], "texture": "#0"},
				"east": {"uv": [0, 0, 0, 0], "texture": "#0"},
				"south": {"uv": [0, 0, 0, 0], "texture": "#0"},
				"west": {"uv": [0, 0, 0, 0], "texture": "#0"},
				"up": {"uv": [3.5, 7.5, 0.5, 4.5], "texture": "#0"},
				"down": {"uv": [3.5, 4.5, 0.5, 7.5], "texture": "#0"}
			}
		},
		{
			"from": [14, 3, 0],
			"to": [16, 16, 16],
			"faces": {
				"north": {"uv": [4, 4, 4.5, 7.25], "texture": "#0", "cullface": "north"},
				"east": {"uv": [4, 4, 8, 7.25], "texture": "#0", "cullface": "east"},
				"south": {"uv": [7.5, 4, 8, 7.25], "texture": "#0", "cullface": "south"},
				"west": {"uv": [4, 4, 8, 7.25], "texture": "#0"},
				"up": {"uv": [0.5, 4, 0, 0], "texture": "#0", "cullface": "up"},
				"down": {"uv": [0.5, 4, 0, 8], "texture": "#0"}
			}
		},
		{
			"from": [2, 3, 0],
			"to": [14, 16, 2],
			"faces": {
				"north": {"uv": [4.5, 4, 7.5, 7.25], "texture": "#0", "cullface": "north"},
				"east": {"uv": [0, 0, 0, 0], "texture": "#0"},
				"south": {"uv": [4.5, 4, 7.5, 7.25], "texture": "#0"},
				"west": {"uv": [0, 0, 0, 0], "texture": "#0"},
				"up": {"uv": [3.5, 4, 0.5, 3.5], "texture": "#0", "cullface": "up"},
				"down": {"uv": [3.5, 4, 0.5, 4.5], "texture": "#0"}
			}
		},
		{
			"from": [2, 3, 14],
			"to": [14, 16, 16],
			"faces": {
				"north": {"uv": [4.5, 4, 7.5, 7.25], "texture": "#0"},
				"east": {"uv": [0, 0, 0, 0], "texture": "#0"},
				"south": {"uv": [4.5, 4, 7.5, 7.25], "texture": "#0", "cullface": "south"},
				"west": {"uv": [0, 0, 0, 0], "texture": "#0"},
				"up": {"uv": [3.5, 0.5, 0.5, 0], "texture": "#0", "cullface": "up"},
				"down": {"uv": [3.5, 7.5, 0.5, 8], "texture": "#0"}
			}
		},
		{
			"from": [0, 0, 0],
			"to": [4, 3, 2],
			"faces": {
				"north": {"uv": [7, 7.25, 8, 8], "texture": "#0", "cullface": "north"},
				"east": {"uv": [7.5, 7.25, 8, 8], "texture": "#0"},
				"south": {"uv": [7, 7.25, 8, 8], "texture": "#0"},
				"west": {"uv": [4, 7.25, 4.5, 8], "texture": "#0", "cullface": "west"},
				"up": {"uv": [0, 0, 0, 0], "texture": "#0"},
				"down": {"uv": [8, 3.5, 7, 4], "texture": "#0", "cullface": "down"}
			}
		},
		{
			"from": [0, 0, 2],
			"to": [2, 3, 4],
			"faces": {
				"north": {"uv": [0, 0, 0, 0], "texture": "#0"},
				"east": {"uv": [4, 7.25, 4.5, 8], "texture": "#0"},
				"south": {"uv": [4, 7.25, 4.5, 8], "texture": "#0"},
				"west": {"uv": [4.5, 7.25, 5, 8], "texture": "#0", "cullface": "west"},
				"up": {"uv": [0, 0, 0, 0], "texture": "#0"},
				"down": {"uv": [8, 3, 7.5, 3.5], "texture": "#0", "cullface": "down"}
			}
		},
		{
			"from": [12, 0, 0],
			"to": [16, 3, 2],
			"faces": {
				"north": {"uv": [4, 7.25, 5, 8], "texture": "#0", "cullface": "north"},
				"east": {"uv": [7.5, 7.25, 8, 8], "texture": "#0", "cullface": "east"},
				"south": {"uv": [7, 7.25, 8, 8], "texture": "#0"},
				"west": {"uv": [4, 7.25, 4.5, 8], "texture": "#0"},
				"up": {"uv": [0, 0, 0, 0], "texture": "#0"},
				"down": {"uv": [5, 3.5, 4, 4], "texture": "#0", "cullface": "down"}
			}
		},
		{
			"from": [14, 0, 2],
			"to": [16, 3, 4],
			"faces": {
				"north": {"uv": [0, 0, 0, 0], "texture": "#0"},
				"east": {"uv": [7, 7.25, 7.5, 8], "texture": "#0", "cullface": "east"},
				"south": {"uv": [7.5, 7.25, 8, 8], "texture": "#0"},
				"west": {"uv": [4, 7.25, 4.5, 8], "texture": "#0"},
				"up": {"uv": [0, 0, 0, 0], "texture": "#0"},
				"down": {"uv": [4.5, 3, 4, 3.5], "texture": "#0", "cullface": "down"}
			}
		},
		{
			"from": [0, 0, 14],
			"to": [4, 3, 16],
			"faces": {
				"north": {"uv": [7, 7.25, 8, 8], "texture": "#0"},
				"east": {"uv": [4, 7.25, 4.5, 8], "texture": "#0"},
				"south": {"uv": [4, 7.25, 5, 8], "texture": "#0", "cullface": "south"},
				"west": {"uv": [7.5, 7.25, 8, 8], "texture": "#0", "cullface": "west"},
				"up": {"uv": [0, 0, 0, 0], "texture": "#0"},
				"down": {"uv": [8, 0, 7, 0.5], "texture": "#0", "cullface": "down"}
			}
		},
		{
			"from": [0, 0, 12],
			"to": [2, 3, 14],
			"faces": {
				"north": {"uv": [7.5, 7.25, 8, 8], "texture": "#0"},
				"east": {"uv": [4.5, 7.25, 5, 8], "texture": "#0"},
				"south": {"uv": [0, 0, 0, 0], "texture": "#0"},
				"west": {"uv": [7, 7.25, 7.5, 8], "texture": "#0", "cullface": "west"},
				"up": {"uv": [0, 0, 0, 0], "texture": "#0"},
				"down": {"uv": [8, 0.5, 7.5, 1], "texture": "#0", "cullface": "down"}
			}
		},
		{
			"from": [12, 0, 14],
			"to": [16, 3, 16],
			"faces": {
				"north": {"uv": [7, 7.25, 8, 8], "texture": "#0"},
				"east": {"uv": [4, 7.25, 4.5, 8], "texture": "#0", "cullface": "east"},
				"south": {"uv": [7, 7.25, 8, 8], "texture": "#0", "cullface": "south"},
				"west": {"uv": [7.5, 7.25, 8, 8], "texture": "#0"},
				"up": {"uv": [0, 0, 0, 0], "texture": "#0"},
				"down": {"uv": [5, 0, 4, 0.5], "texture": "#0", "cullface": "down"}
			}
		},
		{
			"from": [14, 0, 12],
			"to": [16, 3, 14],
			"faces": {
				"north": {"uv": [4, 7.25, 4.5, 8], "texture": "#0"},
				"east": {"uv": [4.5, 7.25, 5, 8], "texture": "#0", "cullface": "east"},
				"south": {"uv": [0, 0, 0, 0], "texture": "#0"},
				"west": {"uv": [4, 7.25, 4.5, 8], "texture": "#0"},
				"up": {"uv": [0, 0, 0, 0], "texture": "#0"},
				"down": {"uv": [4.5, 0.5, 4, 1], "texture": "#0", "cullface": "down"}
			}
		},
		{
			"from": [2, 4, 2],
			"to": [14, 15, 14],
			"faces": {
				"north": {"uv": [0, 0, 0, 0], "texture": "#0"},
				"east": {"uv": [0, 0, 0, 0], "texture": "#0"},
				"south": {"uv": [0, 0, 0, 0], "texture": "#0"},
				"west": {"uv": [0, 0, 0, 0], "texture": "#0"},
				"up": {"uv": [3.5, 11.5, 0.5, 8.5], "texture": "#0", "tintindex": 0},
				"down": {"uv": [0, 0, 0, 0], "texture": "#0"}
			}
		}
	],
	"display": {
		"thirdperson_righthand": {
			"rotation": [75, 45, 0],
			"translation": [0, 2.5, 0],
			"scale": [0.375, 0.375, 0.375]
		},
		"thirdperson_lefthand": {
			"rotation": [75, 45, 0],
			"translation": [0, 2.5, 0],
			"scale": [0.375, 0.375, 0.375]
		},
		"firstperson_righthand": {
			"rotation": [0, 45, 0],
			"scale": [0.4, 0.4, 0.4]
		},
		"firstperson_lefthand": {
			"rotation": [0, 225, 0],
			"scale": [0.4, 0.4, 0.4]
		},
		"ground": {
			"translation": [0, 3, 0],
			"scale": [0.25, 0.25, 0.25]
		},
		"gui": {
			"rotation": [30, 225, 0],
			"scale": [0.625, 0.625, 0.625]
		},
		"fixed": {
			"scale": [0.5, 0.5, 0.5]
		}
	}
}