{
  "parent": "minecraft:item/handheld",
  "textures": {
    "layer0": "okipiak:item/baguette_eating_2",
    "particle": "item/bread"
  },
  "display": {
    "thirdperson_righthand": {
      "rotation": [ 0, -90, 55 ],
      "translation": [ 0, 4.0, 0.5 ],
      "scale": [ 1.7, 1.7, 1.7 ]
    },
    "thirdperson_lefthand": {
      "rotation": [ 0, 90, -55 ],
      "translation": [ 0, 4.0, 0.5 ],
      "scale": [ 1.7, 1.7, 1.7 ]
    },
    "firstperson_righthand": {
      "rotation": [ 0, -90, 25 ],
      "translation": [ 1.13, 3.2, 1.13 ],
      "scale": [ 1.36, 1.36, 1.36 ]
    },
    "firstperson_lefthand": {
      "rotation": [ 0, 90, -25 ],
      "translation": [ 1.13, 3.2, 1.13 ],
      "scale": [ 1.36, 1.36, 1.36 ]
    },
      "gui": {
        "rotation": [ 0, 0, 0 ],
        "translation": [ 3, 4, 0 ],
        "scale": [ 2, 2, 1 ]
      },
      "fixed": {
        "rotation": [ 0, 0, 0 ],
        "translation": [ 0, 0, 0 ],
        "scale": [ 2, 2, 1 ]
      },
      "ground": {
        "rotation": [ 0, 0, 0 ],
        "translation": [ 4, 4, 2],
        "scale":[ 1, 1, 1]
      }
  }
}
